{
  "IsEncrypted": false,
  "Values": {
    "AzureWebJobsStorage": "UseDevelopmentStorage=true",
    "FUNCTIONS_WORKER_RUNTIME": "dotnet",
    "EntityTableName": "entities",
    //"CosmosUri": "https://msrpacdbsql.documents.azure.com:443/",
    //"CosmosKey": "JOGHkvzulbqCtGWExY30jf2JSbY1zaYDH77o4g5BssHUNREnddBEzxBdvigjLLp5cLf5ujBC7TnCHsEvs17ntg==",
    "CosmosUri": "https://msrpa5cdbsql.documents.azure.com:443/",
    "CosmosKey": "w64fPC763qRhnNMfy8wx7I487GO33DoHCbf3XnY0cio6uYelop6WzCCLpxpB3A4xT1lsJvkloSXirVUwX3vD9Q==",
    "CosmosDbId": "entities",
    "CosmosContainer": "formentities",
    //"StorageContainerString": "DefaultEndpointsProtocol=https;AccountName=msrpastor;AccountKey=yl90vote6WDYOC971utgjQmPuy0s4MhjsYX/d4FUit1UYO/uZt/h8h+08OumakpmedVa+wCzskGV2N72nASuSg==;EndpointSuffix=core.windows.net"
    "StorageContainerString": "DefaultEndpointsProtocol=https;AccountName=msrpa5sa;AccountKey=zkJ6mpXsjoPlJzRtDtrHKREibYsNwBqFW1TAMRt3HOLFF/p+NeLybk8Pu0wSCLvRHb9dep+5fSpvKCfVw4Mz3w==;EndpointSuffix=core.windows.net"
  }
}